العيار,سعر البيع,سعر الشراء,,الثلاثاء - 18/08/2026 08:18 PM,,,,,,,,,,,,,,,,,,,,,العيار,سعر البيع,سعر الشراء
عيار 24,7٬110,7٬050,,,,,,,,,,,,,,,,,,,,,,,عيار 24,7٬110 جنيه,7٬050 جنيه
عيار 21,6٬220,6٬170,,,,,,,,,,,,,,,,,,,,,,,عيار 21,6٬220 جنيه,6٬170 جنيه
عيار 18,5٬330,5٬290,,,,,,,,,,,,,,,,,,,,,,,عيار 18,5٬330 جنيه,5٬290 جنيه
عيار 14,4٬145,4٬115,,,,,,,,,,,,,,,,,,,,,,,عيار 14,4٬145 جنيه,4٬115 جنيه
الجنيه الذهب,49٬760,49٬360,,,,,,,,,,,,,,,,,,,,,,,الجنيه الذهب,49٬760 جنيه,49٬360 جنيه
دولار البنك,50٫53,,,,,,,,,,,,,,,,,,,,,,,,الأونصة بالجنيه,221٬100 جنيه,219٬325 جنيه
,,,,,,,,,,,,,,,,,,,,,,,,,الأونصة بالدولار,4٬366.43 دولار,
,,,,,,,,,,,,,,,,,,,,,,,,,دولار الصاغة,50.64 جنيه مقابل 50.53 جنيه في البنك,
,,,,,,,,,,,,,,,,,,,,,,,,,نصاب الزكاة 85 جرام × عيار 24٬604,350 جنيه,
# Last Update: Tue Aug 18 17:28:57 2026